{
  "losses": [
    0.7548055635395713,
    0.6124328499191378,
    0.5233845373726086,
    0.44995469141347766,
    0.3956875150798532,
    0.35406759935897797,
    0.3195026354799485,
    0.2905994589099611,
    0.27234380303716366,
    0.25919616594148803,
    0.2460260064872496,
    0.23599405711657676,
    0.2268631180980698,
    0.21971200711278585,
    0.21361855946191738,
    0.20918711934596726,
    0.20553012204438387,
    0.20286888405223566,
    0.20095930761964287,
    0.19945100528818455,
    0.19663021102517173,
    0.19455547889805036,
    0.19221971121546194,
    0.19016345369425774,
    0.18835398548707397,
    0.18736695018282698,
    0.18690913397597878,
    0.18725356310301275,
    0.18709272066995897,
    0.1874624163765605
  ],
  "metrics": {
    "both": {
      "optimistic": {
        "adjusted_arithmetic_mean_rank": 0.07754350049033401,
        "adjusted_arithmetic_mean_rank_index": 0.922461041400263,
        "adjusted_geometric_mean_rank_index": 0.9994621640758835,
        "adjusted_hits_at_k": 0.525287543637606,
        "adjusted_inverse_harmonic_mean_rank": 0.4884803016542279,
        "arithmetic_mean_rank": 15749.137212276215,
        "count": 500480.0,
        "geometric_mean_rank": 79.97274868920428,
        "harmonic_mean_rank": 2.0470916837905255,
        "hits_at_1": 0.4673773177749361,
        "hits_at_10": 0.5252997122762149,
        "hits_at_3": 0.5002617487212276,
        "hits_at_5": 0.5101023017902814,
        "inverse_arithmetic_mean_rank": 6.349554178882352e-05,
        "inverse_geometric_mean_rank": 0.012504259468263,
        "inverse_harmonic_mean_rank": 0.48849790554975836,
        "inverse_median_rank": 0.3333333333333333,
        "median_absolute_deviation": 2.965204437011204,
        "median_rank": 3.0,
        "standard_deviation": 36721.48072664793,
        "variance": 1348467146.7575758,
        "z_arithmetic_mean_rank": 1115.4276441733125,
        "z_geometric_mean_rank": 708.8290805583058,
        "z_hits_at_k": 73397.20898056988,
        "z_inverse_harmonic_mean_rank": 168309.99256675784
      },
      "pessimistic": {
        "adjusted_arithmetic_mean_rank": 0.07754351472575907,
        "adjusted_arithmetic_mean_rank_index": 0.9224610271647679,
        "adjusted_geometric_mean_rank_index": 0.9994621639883281,
        "adjusted_hits_at_k": 0.525287543637606,
        "adjusted_inverse_harmonic_mean_rank": 0.48848030160831846,
        "arithmetic_mean_rank": 15749.14010350064,
        "count": 500480.0,
        "geometric_mean_rank": 79.9727615453382,
        "harmonic_mean_rank": 2.0470916839829063,
        "hits_at_1": 0.4673773177749361,
        "hits_at_10": 0.5252997122762149,
        "hits_at_3": 0.5002617487212276,
        "hits_at_5": 0.5101023017902814,
        "inverse_arithmetic_mean_rank": 6.34955301323229e-05,
        "inverse_geometric_mean_rank": 0.012504257458123157,
        "inverse_harmonic_mean_rank": 0.4884979055038505,
        "inverse_median_rank": 0.3333333333333333,
        "median_absolute_deviation": 2.965204437011204,
        "median_rank": 3.0,
        "standard_deviation": 36721.48537321234,
        "variance": 1348467488.0150478,
        "z_arithmetic_mean_rank": 1115.4276269599409,
        "z_geometric_mean_rank": 708.8290804962106,
        "z_hits_at_k": 73397.20898056988,
        "z_inverse_harmonic_mean_rank": 168309.99255093938
      },
      "realistic": {
        "adjusted_arithmetic_mean_rank": 0.07754350767691176,
        "adjusted_arithmetic_mean_rank_index": 0.9224610342136499,
        "adjusted_geometric_mean_rank_index": 0.999462163926043,
        "adjusted_hits_at_k": 0.525287543637606,
        "adjusted_inverse_harmonic_mean_rank": 0.4884802791851324,
        "arithmetic_mean_rank": 15749.138671875,
        "count": 500480.0,
        "geometric_mean_rank": 79.97277069091797,
        "harmonic_mean_rank": 2.0470917224884033,
        "hits_at_1": 0.4673773177749361,
        "hits_at_10": 0.5252997122762149,
        "hits_at_3": 0.5002617487212276,
        "hits_at_5": 0.5101023017902814,
        "inverse_arithmetic_mean_rank": 6.349553586915135e-05,
        "inverse_geometric_mean_rank": 0.012504256330430508,
        "inverse_harmonic_mean_rank": 0.48849788308143616,
        "inverse_median_rank": 0.3333333432674408,
        "median_absolute_deviation": 2.9652044773101807,
        "median_rank": 3.0,
        "standard_deviation": 36721.48046875,
        "variance": 1348467072.0,
        "z_arithmetic_mean_rank": 1115.4276354833553,
        "z_geometric_mean_rank": 708.8290804520375,
        "z_hits_at_k": 73397.20898056988,
        "z_inverse_harmonic_mean_rank": 168309.9848248422
      }
    },
    "head": {
      "optimistic": {
        "adjusted_arithmetic_mean_rank": 0.027591931824323734,
        "adjusted_arithmetic_mean_rank_index": 0.9724132818285582,
        "adjusted_geometric_mean_rank_index": 0.9992749660159157,
        "adjusted_hits_at_k": 0.46125781936417337,
        "adjusted_inverse_harmonic_mean_rank": 0.4380468477156373,
        "arithmetic_mean_rank": 5146.249968030691,
        "count": 250240.0,
        "geometric_mean_rank": 97.70896831029256,
        "harmonic_mean_rank": 2.2827497339365777,
        "hits_at_1": 0.42082400895140665,
        "hits_at_10": 0.4612731777493606,
        "hits_at_3": 0.4513986572890026,
        "hits_at_5": 0.4567535166240409,
        "inverse_arithmetic_mean_rank": 0.00019431625090350377,
        "inverse_geometric_mean_rank": 0.010234475067061587,
        "inverse_harmonic_mean_rank": 0.4380681706511518,
        "inverse_median_rank": 0.003401360544217687,
        "median_absolute_deviation": 434.40245002214135,
        "median_rank": 294.0,
        "standard_deviation": 10441.504745795686,
        "variance": 109025021.35647382,
        "z_arithmetic_mean_rank": 823.0451101194454,
        "z_geometric_mean_rank": 499.7494098489557,
        "z_hits_at_k": 43214.95794734383,
        "z_inverse_harmonic_mean_rank": 101203.89643150469
      },
      "pessimistic": {
        "adjusted_arithmetic_mean_rank": 0.027591942558586578,
        "adjusted_arithmetic_mean_rank_index": 0.9724132710942378,
        "adjusted_geometric_mean_rank_index": 0.9992749658511979,
        "adjusted_hits_at_k": 0.46125781936417337,
        "adjusted_inverse_harmonic_mean_rank": 0.4380468476341959,
        "arithmetic_mean_rank": 5146.251970108696,
        "count": 250240.0,
        "geometric_mean_rank": 97.70899028123777,
        "harmonic_mean_rank": 2.2827497343609484,
        "hits_at_1": 0.42082400895140665,
        "hits_at_10": 0.4612731777493606,
        "hits_at_3": 0.4513986572890026,
        "hits_at_5": 0.4567535166240409,
        "inverse_arithmetic_mean_rank": 0.00019431617530745948,
        "inverse_geometric_mean_rank": 0.010234472765726876,
        "inverse_harmonic_mean_rank": 0.4380681705697134,
        "inverse_median_rank": 0.003401360544217687,
        "median_absolute_deviation": 434.40245002214135,
        "median_rank": 294.0,
        "standard_deviation": 10441.51084211776,
        "variance": 109025148.66606273,
        "z_arithmetic_mean_rank": 823.0451010339773,
        "z_geometric_mean_rank": 499.74940976657837,
        "z_hits_at_k": 43214.95794734383,
        "z_inverse_harmonic_mean_rank": 101203.89641268892
      },
      "realistic": {
        "adjusted_arithmetic_mean_rank": 0.027591937231628293,
        "adjusted_arithmetic_mean_rank_index": 0.9724132764212247,
        "adjusted_geometric_mean_rank_index": 0.9992749658954775,
        "adjusted_hits_at_k": 0.46125781936417337,
        "adjusted_inverse_harmonic_mean_rank": 0.43804682853775684,
        "arithmetic_mean_rank": 5146.2509765625,
        "count": 250240.0,
        "geometric_mean_rank": 97.708984375,
        "harmonic_mean_rank": 2.282749891281128,
        "hits_at_1": 0.42082400895140665,
        "hits_at_10": 0.4612731777493606,
        "hits_at_3": 0.4513986572890026,
        "hits_at_5": 0.4567535166240409,